portfolio,number_of_loans,total_ead,average_pd,average_lgd,base_expected_loss,stressed_expected_loss,incremental_loss
Mortgage,49,22862789,0.05228775510204082,0.40889387755102047,442327.47144906,530792.965738872,88465.49428981199
Credit Card,20,10594947,0.04123,0.388895,148760.12491582,178512.149898984,29752.024983163996
Auto Loan,19,7040389,0.041021052631578944,0.43434210526315786,124026.70519425,148832.0462331,24805.341038849998
Personal Loan,11,6940000,0.039854545454545455,0.38838181818181816,95282.21627919,114338.659535028,19056.443255837992
